lote,data,acao,motivo,familia,especie,taxonomista,codigo,arquivo_local,arquivo_online,codigo_relacionado,arquivo_local_relacionado,arquivo_online_relacionado
nao_exsicata,2026-09-10,remover,nao_exsicata,Meliaceae,Trichilia pallida,T.D. Pennington,MO0100426886,./10familias/Meliaceae/Trichilia_pallida/MO0100426886.jpg,Meliaceae/Trichilia_pallida/MO0100426886.jpg,HCF000029052,./10familias/Meliaceae/Trichilia_pallida/HCF000029052.jpg,Meliaceae/Trichilia_pallida/HCF000029052.jpg
nao_exsicata,2026-09-10,adicionar,substituta,Meliaceae,Trichilia pallida,T.D. Pennington,HCF000029052,./10familias/Meliaceae/Trichilia_pallida/HCF000029052.jpg,Meliaceae/Trichilia_pallida/HCF000029052.jpg,MO0100426886,./10familias/Meliaceae/Trichilia_pallida/MO0100426886.jpg,Meliaceae/Trichilia_pallida/MO0100426886.jpg
nao_exsicata,2026-09-10,remover,nao_exsicata,Meliaceae,Trichilia pallida,T.D. Pennington,MO0100426890,./10familias/Meliaceae/Trichilia_pallida/MO0100426890.jpg,Meliaceae/Trichilia_pallida/MO0100426890.jpg,NY01143027_01,./10familias/Meliaceae/Trichilia_pallida/NY01143027_01.jpg,Meliaceae/Trichilia_pallida/NY01143027_01.jpg
nao_exsicata,2026-09-10,adicionar,substituta,Meliaceae,Trichilia pallida,T.D. Pennington,NY01143027_01,./10familias/Meliaceae/Trichilia_pallida/NY01143027_01.jpg,Meliaceae/Trichilia_pallida/NY01143027_01.jpg,MO0100426890,./10familias/Meliaceae/Trichilia_pallida/MO0100426890.jpg,Meliaceae/Trichilia_pallida/MO0100426890.jpg
nao_exsicata,2026-09-10,remover,nao_exsicata,Meliaceae,Guarea kunthiana,T.D. Pennington,MO0100449214,./10familias/Meliaceae/Guarea_kunthiana/MO0100449214.jpg,Meliaceae/Guarea_kunthiana/MO0100449214.jpg,NY01142451_01,./10familias/Meliaceae/Guarea_kunthiana/NY01142451_01.jpg,Meliaceae/Guarea_kunthiana/NY01142451_01.jpg
nao_exsicata,2026-09-10,adicionar,substituta,Meliaceae,Guarea kunthiana,T.D. Pennington,NY01142451_01,./10familias/Meliaceae/Guarea_kunthiana/NY01142451_01.jpg,Meliaceae/Guarea_kunthiana/NY01142451_01.jpg,MO0100449214,./10familias/Meliaceae/Guarea_kunthiana/MO0100449214.jpg,Meliaceae/Guarea_kunthiana/MO0100449214.jpg
sem_chave_coleta,2026-09-10,remover,coletor_ou_numero_ausente,Lauraceae,Nectandra megapotamica,M.L. Brotto,MBM349422,./10familias/Lauraceae/Nectandra_megapotamica/MBM349422.jpg,Lauraceae/Nectandra_megapotamica/MBM349422.jpg,HCF000006188,./10familias/Lauraceae/Nectandra_megapotamica/HCF000006188.jpg,Lauraceae/Nectandra_megapotamica/HCF000006188.jpg
sem_chave_coleta,2026-09-10,adicionar,substituta,Lauraceae,Nectandra megapotamica,M.L. Brotto,HCF000006188,./10familias/Lauraceae/Nectandra_megapotamica/HCF000006188.jpg,Lauraceae/Nectandra_megapotamica/HCF000006188.jpg,MBM349422,./10familias/Lauraceae/Nectandra_megapotamica/MBM349422.jpg,Lauraceae/Nectandra_megapotamica/MBM349422.jpg
sem_chave_coleta,2026-09-10,remover,coletor_ou_numero_ausente,Lauraceae,Ocotea puberula,M.L. Brotto,DVPR000907,./10familias/Lauraceae/Ocotea_puberula/DVPR000907.jpg,Lauraceae/Ocotea_puberula/DVPR000907.jpg,HCF000005497,./10familias/Lauraceae/Ocotea_puberula/HCF000005497.jpg,Lauraceae/Ocotea_puberula/HCF000005497.jpg
sem_chave_coleta,2026-09-10,adicionar,substituta,Lauraceae,Ocotea puberula,M.L. Brotto,HCF000005497,./10familias/Lauraceae/Ocotea_puberula/HCF000005497.jpg,Lauraceae/Ocotea_puberula/HCF000005497.jpg,DVPR000907,./10familias/Lauraceae/Ocotea_puberula/DVPR000907.jpg,Lauraceae/Ocotea_puberula/DVPR000907.jpg
sem_chave_coleta,2026-09-10,remover,coletor_ou_numero_ausente,Lauraceae,Nectandra lanceolata,M.L. Brotto,DVPR001003,./10familias/Lauraceae/Nectandra_lanceolata/DVPR001003.jpg,Lauraceae/Nectandra_lanceolata/DVPR001003.jpg,HRCB078153,./10familias/Lauraceae/Nectandra_lanceolata/HRCB078153.jpg,Lauraceae/Nectandra_lanceolata/HRCB078153.jpg
sem_chave_coleta,2026-09-10,adicionar,substituta,Lauraceae,Nectandra lanceolata,M.L. Brotto,HRCB078153,./10familias/Lauraceae/Nectandra_lanceolata/HRCB078153.jpg,Lauraceae/Nectandra_lanceolata/HRCB078153.jpg,DVPR001003,./10familias/Lauraceae/Nectandra_lanceolata/DVPR001003.jpg,Lauraceae/Nectandra_lanceolata/DVPR001003.jpg
sem_chave_coleta,2026-09-10,remover,coletor_ou_numero_ausente,Lauraceae,Nectandra lanceolata,M.L. Brotto,DVPR003647,./10familias/Lauraceae/Nectandra_lanceolata/DVPR003647.jpg,Lauraceae/Nectandra_lanceolata/DVPR003647.jpg,DVPR003590,./10familias/Lauraceae/Nectandra_lanceolata/DVPR003590.jpg,Lauraceae/Nectandra_lanceolata/DVPR003590.jpg
sem_chave_coleta,2026-09-10,adicionar,substituta,Lauraceae,Nectandra lanceolata,M.L. Brotto,DVPR003590,./10familias/Lauraceae/Nectandra_lanceolata/DVPR003590.jpg,Lauraceae/Nectandra_lanceolata/DVPR003590.jpg,DVPR003647,./10familias/Lauraceae/Nectandra_lanceolata/DVPR003647.jpg,Lauraceae/Nectandra_lanceolata/DVPR003647.jpg
sem_chave_coleta,2026-09-10,remover,coletor_ou_numero_ausente,Lauraceae,Nectandra lanceolata,M.L. Brotto,DVPR002432,./10familias/Lauraceae/Nectandra_lanceolata/DVPR002432.jpg,Lauraceae/Nectandra_lanceolata/DVPR002432.jpg,DVPR005470,./10familias/Lauraceae/Nectandra_lanceolata/DVPR005470.jpg,Lauraceae/Nectandra_lanceolata/DVPR005470.jpg
sem_chave_coleta,2026-09-10,adicionar,substituta,Lauraceae,Nectandra lanceolata,M.L. Brotto,DVPR005470,./10familias/Lauraceae/Nectandra_lanceolata/DVPR005470.jpg,Lauraceae/Nectandra_lanceolata/DVPR005470.jpg,DVPR002432,./10familias/Lauraceae/Nectandra_lanceolata/DVPR002432.jpg,Lauraceae/Nectandra_lanceolata/DVPR002432.jpg
sem_chave_coleta,2026-09-10,remover,coletor_ou_numero_ausente,Lauraceae,Nectandra lanceolata,M.L. Brotto,DVPR001723,./10familias/Lauraceae/Nectandra_lanceolata/DVPR001723.jpg,Lauraceae/Nectandra_lanceolata/DVPR001723.jpg,MBM439248,./10familias/Lauraceae/Nectandra_lanceolata/MBM439248.jpg,Lauraceae/Nectandra_lanceolata/MBM439248.jpg
sem_chave_coleta,2026-09-10,adicionar,substituta,Lauraceae,Nectandra lanceolata,M.L. Brotto,MBM439248,./10familias/Lauraceae/Nectandra_lanceolata/MBM439248.jpg,Lauraceae/Nectandra_lanceolata/MBM439248.jpg,DVPR001723,./10familias/Lauraceae/Nectandra_lanceolata/DVPR001723.jpg,Lauraceae/Nectandra_lanceolata/DVPR001723.jpg
sem_chave_coleta,2026-09-10,remover,coletor_ou_numero_ausente,Myrtaceae,Myrcia guianensis,M. Sobral,MCCA05425_1,./10familias/Myrtaceae/Myrcia_guianensis/MCCA05425_1.jpg,Myrtaceae/Myrcia_guianensis/MCCA05425_1.jpg,HUEFS0035698,./10familias/Myrtaceae/Myrcia_guianensis/HUEFS0035698.jpg,Myrtaceae/Myrcia_guianensis/HUEFS0035698.jpg
sem_chave_coleta,2026-09-10,adicionar,substituta,Myrtaceae,Myrcia guianensis,M. Sobral,HUEFS0035698,./10familias/Myrtaceae/Myrcia_guianensis/HUEFS0035698.jpg,Myrtaceae/Myrcia_guianensis/HUEFS0035698.jpg,MCCA05425_1,./10familias/Myrtaceae/Myrcia_guianensis/MCCA05425_1.jpg,Myrtaceae/Myrcia_guianensis/MCCA05425_1.jpg
sem_chave_coleta,2026-09-10,remover,coletor_ou_numero_ausente,Myrtaceae,Eugenia florida,M. Sobral,HUEM000023436,./10familias/Myrtaceae/Eugenia_florida/HUEM000023436.jpg,Myrtaceae/Eugenia_florida/HUEM000023436.jpg,SP026931,./10familias/Myrtaceae/Eugenia_florida/SP026931.jpg,Myrtaceae/Eugenia_florida/SP026931.jpg
sem_chave_coleta,2026-09-10,adicionar,substituta,Myrtaceae,Eugenia florida,M. Sobral,SP026931,./10familias/Myrtaceae/Eugenia_florida/SP026931.jpg,Myrtaceae/Eugenia_florida/SP026931.jpg,HUEM000023436,./10familias/Myrtaceae/Eugenia_florida/HUEM000023436.jpg,Myrtaceae/Eugenia_florida/HUEM000023436.jpg
sem_chave_coleta,2026-09-10,remover,coletor_ou_numero_ausente,Myrtaceae,Eugenia florida,M. Sobral,MBM257115,./10familias/Myrtaceae/Eugenia_florida/MBM257115.jpg,Myrtaceae/Eugenia_florida/MBM257115.jpg,HJBOP0002980,./10familias/Myrtaceae/Eugenia_florida/HJBOP0002980.jpg,Myrtaceae/Eugenia_florida/HJBOP0002980.jpg
sem_chave_coleta,2026-09-10,adicionar,substituta,Myrtaceae,Eugenia florida,M. Sobral,HJBOP0002980,./10familias/Myrtaceae/Eugenia_florida/HJBOP0002980.jpg,Myrtaceae/Eugenia_florida/HJBOP0002980.jpg,MBM257115,./10familias/Myrtaceae/Eugenia_florida/MBM257115.jpg,Myrtaceae/Eugenia_florida/MBM257115.jpg
sem_chave_coleta,2026-09-10,remover,coletor_ou_numero_ausente,Myrtaceae,Eugenia punicifolia,M. Sobral,HUFU00017579,./10familias/Myrtaceae/Eugenia_punicifolia/HUFU00017579.jpg,Myrtaceae/Eugenia_punicifolia/HUFU00017579.jpg,SP028975,./10familias/Myrtaceae/Eugenia_punicifolia/SP028975.jpg,Myrtaceae/Eugenia_punicifolia/SP028975.jpg
sem_chave_coleta,2026-09-10,adicionar,substituta,Myrtaceae,Eugenia punicifolia,M. Sobral,SP028975,./10familias/Myrtaceae/Eugenia_punicifolia/SP028975.jpg,Myrtaceae/Eugenia_punicifolia/SP028975.jpg,HUFU00017579,./10familias/Myrtaceae/Eugenia_punicifolia/HUFU00017579.jpg,Myrtaceae/Eugenia_punicifolia/HUFU00017579.jpg
sem_chave_coleta,2026-09-10,remover,coletor_ou_numero_ausente,Myrtaceae,Myrciaria floribunda,M. Sobral,HPBR012065,./10familias/Myrtaceae/Myrciaria_floribunda/HPBR012065.jpg,Myrtaceae/Myrciaria_floribunda/HPBR012065.jpg,CESJ050683,./10familias/Myrtaceae/Myrciaria_floribunda/CESJ050683.jpg,Myrtaceae/Myrciaria_floribunda/CESJ050683.jpg
sem_chave_coleta,2026-09-10,adicionar,substituta,Myrtaceae,Myrciaria floribunda,M. Sobral,CESJ050683,./10familias/Myrtaceae/Myrciaria_floribunda/CESJ050683.jpg,Myrtaceae/Myrciaria_floribunda/CESJ050683.jpg,HPBR012065,./10familias/Myrtaceae/Myrciaria_floribunda/HPBR012065.jpg,Myrtaceae/Myrciaria_floribunda/HPBR012065.jpg
sem_chave_coleta,2026-09-10,remover,coletor_ou_numero_ausente,Solanaceae,Solanum pseudoquina,J.R. Stehmann,NY00669711_01,./10familias/Solanaceae/Solanum_pseudoquina/NY00669711_01.jpg,Solanaceae/Solanum_pseudoquina/NY00669711_01.jpg,HUEFS0171555,./10familias/Solanaceae/Solanum_pseudoquina/HUEFS0171555.jpg,Solanaceae/Solanum_pseudoquina/HUEFS0171555.jpg
sem_chave_coleta,2026-09-10,adicionar,substituta,Solanaceae,Solanum pseudoquina,J.R. Stehmann,HUEFS0171555,./10familias/Solanaceae/Solanum_pseudoquina/HUEFS0171555.jpg,Solanaceae/Solanum_pseudoquina/HUEFS0171555.jpg,NY00669711_01,./10familias/Solanaceae/Solanum_pseudoquina/NY00669711_01.jpg,Solanaceae/Solanum_pseudoquina/NY00669711_01.jpg
sem_chave_coleta,2026-09-10,remover,coletor_ou_numero_ausente,Solanaceae,Solanum pseudoquina,J.R. Stehmann,R010051915_001,./10familias/Solanaceae/Solanum_pseudoquina/R010051915_001.jpg,Solanaceae/Solanum_pseudoquina/R010051915_001.jpg,HUEFS0179574,./10familias/Solanaceae/Solanum_pseudoquina/HUEFS0179574.jpg,Solanaceae/Solanum_pseudoquina/HUEFS0179574.jpg
sem_chave_coleta,2026-09-10,adicionar,substituta,Solanaceae,Solanum pseudoquina,J.R. Stehmann,HUEFS0179574,./10familias/Solanaceae/Solanum_pseudoquina/HUEFS0179574.jpg,Solanaceae/Solanum_pseudoquina/HUEFS0179574.jpg,R010051915_001,./10familias/Solanaceae/Solanum_pseudoquina/R010051915_001.jpg,Solanaceae/Solanum_pseudoquina/R010051915_001.jpg
sem_chave_coleta,2026-09-10,remover,coletor_ou_numero_ausente,Solanaceae,Solanum pseudoquina,J.R. Stehmann,NY00669710_01,./10familias/Solanaceae/Solanum_pseudoquina/NY00669710_01.jpg,Solanaceae/Solanum_pseudoquina/NY00669710_01.jpg,HUEFS0218385,./10familias/Solanaceae/Solanum_pseudoquina/HUEFS0218385.jpg,Solanaceae/Solanum_pseudoquina/HUEFS0218385.jpg
sem_chave_coleta,2026-09-10,adicionar,substituta,Solanaceae,Solanum pseudoquina,J.R. Stehmann,HUEFS0218385,./10familias/Solanaceae/Solanum_pseudoquina/HUEFS0218385.jpg,Solanaceae/Solanum_pseudoquina/HUEFS0218385.jpg,NY00669710_01,./10familias/Solanaceae/Solanum_pseudoquina/NY00669710_01.jpg,Solanaceae/Solanum_pseudoquina/NY00669710_01.jpg
sem_chave_coleta,2026-09-10,remover,coletor_ou_numero_ausente,Solanaceae,Petunia integrifolia,J.R. Stehmann,K001073386_1,./10familias/Solanaceae/Petunia_integrifolia/K001073386_1.jpg,Solanaceae/Petunia_integrifolia/K001073386_1.jpg,HCF000040263,./10familias/Solanaceae/Petunia_integrifolia/HCF000040263.jpg,Solanaceae/Petunia_integrifolia/HCF000040263.jpg
sem_chave_coleta,2026-09-10,adicionar,substituta,Solanaceae,Petunia integrifolia,J.R. Stehmann,HCF000040263,./10familias/Solanaceae/Petunia_integrifolia/HCF000040263.jpg,Solanaceae/Petunia_integrifolia/HCF000040263.jpg,K001073386_1,./10familias/Solanaceae/Petunia_integrifolia/K001073386_1.jpg,Solanaceae/Petunia_integrifolia/K001073386_1.jpg
sem_chave_coleta,2026-09-10,remover,coletor_ou_numero_ausente,Solanaceae,Solanum sisymbriifolium,J.R. Stehmann,UPCB0103236,./10familias/Solanaceae/Solanum_sisymbriifolium/UPCB0103236.jpg,Solanaceae/Solanum_sisymbriifolium/UPCB0103236.jpg,HCF000020883,./10familias/Solanaceae/Solanum_sisymbriifolium/HCF000020883.jpg,Solanaceae/Solanum_sisymbriifolium/HCF000020883.jpg
sem_chave_coleta,2026-09-10,adicionar,substituta,Solanaceae,Solanum sisymbriifolium,L.A. Mentz,HCF000020883,./10familias/Solanaceae/Solanum_sisymbriifolium/HCF000020883.jpg,Solanaceae/Solanum_sisymbriifolium/HCF000020883.jpg,UPCB0103236,./10familias/Solanaceae/Solanum_sisymbriifolium/UPCB0103236.jpg,Solanaceae/Solanum_sisymbriifolium/UPCB0103236.jpg
sem_chave_coleta,2026-09-10,remover,coletor_ou_numero_ausente,Solanaceae,Solanum sisymbriifolium,J.R. Stehmann,K001058691_1,./10familias/Solanaceae/Solanum_sisymbriifolium/K001058691_1.jpg,Solanaceae/Solanum_sisymbriifolium/K001058691_1.jpg,MBM319796,./10familias/Solanaceae/Solanum_sisymbriifolium/MBM319796.jpg,Solanaceae/Solanum_sisymbriifolium/MBM319796.jpg
sem_chave_coleta,2026-09-10,adicionar,substituta,Solanaceae,Solanum sisymbriifolium,L.A. Mentz,MBM319796,./10familias/Solanaceae/Solanum_sisymbriifolium/MBM319796.jpg,Solanaceae/Solanum_sisymbriifolium/MBM319796.jpg,K001058691_1,./10familias/Solanaceae/Solanum_sisymbriifolium/K001058691_1.jpg,Solanaceae/Solanum_sisymbriifolium/K001058691_1.jpg
sem_chave_coleta,2026-09-10,remover,coletor_ou_numero_ausente,Solanaceae,Solanum sisymbriifolium,L.A. Mentz,SMDB009078,./10familias/Solanaceae/Solanum_sisymbriifolium/SMDB009078.jpg,Solanaceae/Solanum_sisymbriifolium/SMDB009078.jpg,FLOR0027626,./10familias/Solanaceae/Solanum_sisymbriifolium/FLOR0027626.jpg,Solanaceae/Solanum_sisymbriifolium/FLOR0027626.jpg
sem_chave_coleta,2026-09-10,adicionar,substituta,Solanaceae,Solanum sisymbriifolium,L.A. Mentz,FLOR0027626,./10familias/Solanaceae/Solanum_sisymbriifolium/FLOR0027626.jpg,Solanaceae/Solanum_sisymbriifolium/FLOR0027626.jpg,SMDB009078,./10familias/Solanaceae/Solanum_sisymbriifolium/SMDB009078.jpg,Solanaceae/Solanum_sisymbriifolium/SMDB009078.jpg
sem_chave_coleta,2026-09-10,remover,coletor_ou_numero_ausente,Solanaceae,Solanum sisymbriifolium,L.A. Mentz,SMDB006495,./10familias/Solanaceae/Solanum_sisymbriifolium/SMDB006495.jpg,Solanaceae/Solanum_sisymbriifolium/SMDB006495.jpg,SJRP00011106,./10familias/Solanaceae/Solanum_sisymbriifolium/SJRP00011106.jpg,Solanaceae/Solanum_sisymbriifolium/SJRP00011106.jpg
sem_chave_coleta,2026-09-10,adicionar,substituta,Solanaceae,Solanum sisymbriifolium,L.A. Mentz,SJRP00011106,./10familias/Solanaceae/Solanum_sisymbriifolium/SJRP00011106.jpg,Solanaceae/Solanum_sisymbriifolium/SJRP00011106.jpg,SMDB006495,./10familias/Solanaceae/Solanum_sisymbriifolium/SMDB006495.jpg,Solanaceae/Solanum_sisymbriifolium/SMDB006495.jpg
sem_chave_coleta,2026-09-10,remover,coletor_ou_numero_ausente,Solanaceae,Solanum sisymbriifolium,L.A. Mentz,CRI007637,./10familias/Solanaceae/Solanum_sisymbriifolium/CRI007637.jpg,Solanaceae/Solanum_sisymbriifolium/CRI007637.jpg,NY00770657_01,./10familias/Solanaceae/Solanum_sisymbriifolium/NY00770657_01.jpg,Solanaceae/Solanum_sisymbriifolium/NY00770657_01.jpg
sem_chave_coleta,2026-09-10,adicionar,substituta,Solanaceae,Solanum sisymbriifolium,L.A. Mentz,NY00770657_01,./10familias/Solanaceae/Solanum_sisymbriifolium/NY00770657_01.jpg,Solanaceae/Solanum_sisymbriifolium/NY00770657_01.jpg,CRI007637,./10familias/Solanaceae/Solanum_sisymbriifolium/CRI007637.jpg,Solanaceae/Solanum_sisymbriifolium/CRI007637.jpg
sem_chave_coleta,2026-09-10,remover,coletor_ou_numero_ausente,Malpighiaceae,Byrsonima intermedia,M.C.H. Mamede,HUFU00013933,./10familias/Malpighiaceae/Byrsonima_intermedia/HUFU00013933.jpg,Malpighiaceae/Byrsonima_intermedia/HUFU00013933.jpg,UFG0027223,./10familias/Malpighiaceae/Byrsonima_intermedia/UFG0027223.jpg,Malpighiaceae/Byrsonima_intermedia/UFG0027223.jpg
sem_chave_coleta,2026-09-10,adicionar,substituta,Malpighiaceae,Byrsonima intermedia,M.C.H. Mamede,UFG0027223,./10familias/Malpighiaceae/Byrsonima_intermedia/UFG0027223.jpg,Malpighiaceae/Byrsonima_intermedia/UFG0027223.jpg,HUFU00013933,./10familias/Malpighiaceae/Byrsonima_intermedia/HUFU00013933.jpg,Malpighiaceae/Byrsonima_intermedia/HUFU00013933.jpg
sem_chave_coleta,2026-09-10,remover,coletor_ou_numero_ausente,Malpighiaceae,Byrsonima intermedia,M.C.H. Mamede,HUEFS0077897,./10familias/Malpighiaceae/Byrsonima_intermedia/HUEFS0077897.jpg,Malpighiaceae/Byrsonima_intermedia/HUEFS0077897.jpg,HUFU00013845,./10familias/Malpighiaceae/Byrsonima_intermedia/HUFU00013845.jpg,Malpighiaceae/Byrsonima_intermedia/HUFU00013845.jpg
sem_chave_coleta,2026-09-10,adicionar,substituta,Malpighiaceae,Byrsonima intermedia,M.C.H. Mamede,HUFU00013845,./10familias/Malpighiaceae/Byrsonima_intermedia/HUFU00013845.jpg,Malpighiaceae/Byrsonima_intermedia/HUFU00013845.jpg,HUEFS0077897,./10familias/Malpighiaceae/Byrsonima_intermedia/HUEFS0077897.jpg,Malpighiaceae/Byrsonima_intermedia/HUEFS0077897.jpg
sem_chave_coleta,2026-09-10,remover,coletor_ou_numero_ausente,Malpighiaceae,Diplopterys pubipetala,M.C.H. Mamede,HUEFS0187003,./10familias/Malpighiaceae/Diplopterys_pubipetala/HUEFS0187003.jpg,Malpighiaceae/Diplopterys_pubipetala/HUEFS0187003.jpg,HUEFS0059252,./10familias/Malpighiaceae/Diplopterys_pubipetala/HUEFS0059252.jpg,Malpighiaceae/Diplopterys_pubipetala/HUEFS0059252.jpg
sem_chave_coleta,2026-09-10,adicionar,substituta,Malpighiaceae,Diplopterys pubipetala,W.R. Anderson,HUEFS0059252,./10familias/Malpighiaceae/Diplopterys_pubipetala/HUEFS0059252.jpg,Malpighiaceae/Diplopterys_pubipetala/HUEFS0059252.jpg,HUEFS0187003,./10familias/Malpighiaceae/Diplopterys_pubipetala/HUEFS0187003.jpg,Malpighiaceae/Diplopterys_pubipetala/HUEFS0187003.jpg
sem_chave_coleta,2026-09-10,remover,coletor_ou_numero_ausente,Malpighiaceae,Diplopterys pubipetala,M.C.H. Mamede,NY00893158_01,./10familias/Malpighiaceae/Diplopterys_pubipetala/NY00893158_01.jpg,Malpighiaceae/Diplopterys_pubipetala/NY00893158_01.jpg,MO0100535621,./10familias/Malpighiaceae/Diplopterys_pubipetala/MO0100535621.jpg,Malpighiaceae/Diplopterys_pubipetala/MO0100535621.jpg
sem_chave_coleta,2026-09-10,adicionar,substituta,Malpighiaceae,Diplopterys pubipetala,W.R. Anderson,MO0100535621,./10familias/Malpighiaceae/Diplopterys_pubipetala/MO0100535621.jpg,Malpighiaceae/Diplopterys_pubipetala/MO0100535621.jpg,NY00893158_01,./10familias/Malpighiaceae/Diplopterys_pubipetala/NY00893158_01.jpg,Malpighiaceae/Diplopterys_pubipetala/NY00893158_01.jpg
sem_chave_coleta,2026-09-10,remover,coletor_ou_numero_ausente,Malpighiaceae,Diplopterys pubipetala,M.C.H. Mamede,HUFU00013561,./10familias/Malpighiaceae/Diplopterys_pubipetala/HUFU00013561.jpg,Malpighiaceae/Diplopterys_pubipetala/HUFU00013561.jpg,UFG0003021,./10familias/Malpighiaceae/Diplopterys_pubipetala/UFG0003021.jpg,Malpighiaceae/Diplopterys_pubipetala/UFG0003021.jpg
sem_chave_coleta,2026-09-10,adicionar,substituta,Malpighiaceae,Diplopterys pubipetala,W.R. Anderson,UFG0003021,./10familias/Malpighiaceae/Diplopterys_pubipetala/UFG0003021.jpg,Malpighiaceae/Diplopterys_pubipetala/UFG0003021.jpg,HUFU00013561,./10familias/Malpighiaceae/Diplopterys_pubipetala/HUFU00013561.jpg,Malpighiaceae/Diplopterys_pubipetala/HUFU00013561.jpg
sem_chave_coleta,2026-09-10,remover,coletor_ou_numero_ausente,Malpighiaceae,Byrsonima crassifolia,M.C.H. Mamede,HUFU00013732,./10familias/Malpighiaceae/Byrsonima_crassifolia/HUFU00013732.jpg,Malpighiaceae/Byrsonima_crassifolia/HUFU00013732.jpg,US00687511_01,./10familias/Malpighiaceae/Byrsonima_crassifolia/US00687511_01.jpg,Malpighiaceae/Byrsonima_crassifolia/US00687511_01.jpg
sem_chave_coleta,2026-09-10,adicionar,substituta,Malpighiaceae,Byrsonima crassifolia,W.R. Anderson,US00687511_01,./10familias/Malpighiaceae/Byrsonima_crassifolia/US00687511_01.jpg,Malpighiaceae/Byrsonima_crassifolia/US00687511_01.jpg,HUFU00013732,./10familias/Malpighiaceae/Byrsonima_crassifolia/HUFU00013732.jpg,Malpighiaceae/Byrsonima_crassifolia/HUFU00013732.jpg
sem_chave_coleta,2026-09-10,remover,coletor_ou_numero_ausente,Malpighiaceae,Byrsonima crassifolia,M.C.H. Mamede,HUFU00013754,./10familias/Malpighiaceae/Byrsonima_crassifolia/HUFU00013754.jpg,Malpighiaceae/Byrsonima_crassifolia/HUFU00013754.jpg,NY00893399_01,./10familias/Malpighiaceae/Byrsonima_crassifolia/NY00893399_01.jpg,Malpighiaceae/Byrsonima_crassifolia/NY00893399_01.jpg
sem_chave_coleta,2026-09-10,adicionar,substituta,Malpighiaceae,Byrsonima crassifolia,W.R. Anderson,NY00893399_01,./10familias/Malpighiaceae/Byrsonima_crassifolia/NY00893399_01.jpg,Malpighiaceae/Byrsonima_crassifolia/NY00893399_01.jpg,HUFU00013754,./10familias/Malpighiaceae/Byrsonima_crassifolia/HUFU00013754.jpg,Malpighiaceae/Byrsonima_crassifolia/HUFU00013754.jpg
sem_chave_coleta,2026-09-10,remover,coletor_ou_numero_ausente,Cyperaceae,Cyperus hermaphroditus,R. Trevisan,JOI004951,./10familias/Cyperaceae/Cyperus_hermaphroditus/JOI004951.jpg,Cyperaceae/Cyperus_hermaphroditus/JOI004951.jpg,HUEM000029324,./10familias/Cyperaceae/Cyperus_hermaphroditus/HUEM000029324.jpg,Cyperaceae/Cyperus_hermaphroditus/HUEM000029324.jpg
sem_chave_coleta,2026-09-10,adicionar,substituta,Cyperaceae,Cyperus hermaphroditus,R. Trevisan,HUEM000029324,./10familias/Cyperaceae/Cyperus_hermaphroditus/HUEM000029324.jpg,Cyperaceae/Cyperus_hermaphroditus/HUEM000029324.jpg,JOI004951,./10familias/Cyperaceae/Cyperus_hermaphroditus/JOI004951.jpg,Cyperaceae/Cyperus_hermaphroditus/JOI004951.jpg
sem_chave_coleta,2026-09-10,remover,coletor_ou_numero_ausente,Cyperaceae,Cyperus hermaphroditus,R. Trevisan,CRI002058,./10familias/Cyperaceae/Cyperus_hermaphroditus/CRI002058.jpg,Cyperaceae/Cyperus_hermaphroditus/CRI002058.jpg,FLOR0072190,./10familias/Cyperaceae/Cyperus_hermaphroditus/FLOR0072190.jpg,Cyperaceae/Cyperus_hermaphroditus/FLOR0072190.jpg
sem_chave_coleta,2026-09-10,adicionar,substituta,Cyperaceae,Cyperus hermaphroditus,R. Trevisan,FLOR0072190,./10familias/Cyperaceae/Cyperus_hermaphroditus/FLOR0072190.jpg,Cyperaceae/Cyperus_hermaphroditus/FLOR0072190.jpg,CRI002058,./10familias/Cyperaceae/Cyperus_hermaphroditus/CRI002058.jpg,Cyperaceae/Cyperus_hermaphroditus/CRI002058.jpg
sem_chave_coleta,2026-09-10,remover,coletor_ou_numero_ausente,Cyperaceae,Fimbristylis dichotoma,R. Trevisan,ICN00008176,./10familias/Cyperaceae/Fimbristylis_dichotoma/ICN00008176.jpg,Cyperaceae/Fimbristylis_dichotoma/ICN00008176.jpg,FURB57320,./10familias/Cyperaceae/Fimbristylis_dichotoma/FURB57320.jpg,Cyperaceae/Fimbristylis_dichotoma/FURB57320.jpg
sem_chave_coleta,2026-09-10,adicionar,substituta,Cyperaceae,Fimbristylis dichotoma,R. Trevisan,FURB57320,./10familias/Cyperaceae/Fimbristylis_dichotoma/FURB57320.jpg,Cyperaceae/Fimbristylis_dichotoma/FURB57320.jpg,ICN00008176,./10familias/Cyperaceae/Fimbristylis_dichotoma/ICN00008176.jpg,Cyperaceae/Fimbristylis_dichotoma/ICN00008176.jpg
sem_chave_coleta,2026-09-10,remover,coletor_ou_numero_ausente,Cyperaceae,Fimbristylis dichotoma,R. Trevisan,PEL0002649,./10familias/Cyperaceae/Fimbristylis_dichotoma/PEL0002649.jpg,Cyperaceae/Fimbristylis_dichotoma/PEL0002649.jpg,CESJ061374,./10familias/Cyperaceae/Fimbristylis_dichotoma/CESJ061374.jpg,Cyperaceae/Fimbristylis_dichotoma/CESJ061374.jpg
sem_chave_coleta,2026-09-10,adicionar,substituta,Cyperaceae,Fimbristylis dichotoma,R. Trevisan,CESJ061374,./10familias/Cyperaceae/Fimbristylis_dichotoma/CESJ061374.jpg,Cyperaceae/Fimbristylis_dichotoma/CESJ061374.jpg,PEL0002649,./10familias/Cyperaceae/Fimbristylis_dichotoma/PEL0002649.jpg,Cyperaceae/Fimbristylis_dichotoma/PEL0002649.jpg
sem_chave_coleta,2026-09-10,remover,coletor_ou_numero_ausente,Cyperaceae,Eleocharis montana,R. Trevisan,HUEM000003552,./10familias/Cyperaceae/Eleocharis_montana/HUEM000003552.jpg,Cyperaceae/Eleocharis_montana/HUEM000003552.jpg,HCF000023018,./10familias/Cyperaceae/Eleocharis_montana/HCF000023018.jpg,Cyperaceae/Eleocharis_montana/HCF000023018.jpg
sem_chave_coleta,2026-09-10,adicionar,substituta,Cyperaceae,Eleocharis montana,R. Trevisan,HCF000023018,./10familias/Cyperaceae/Eleocharis_montana/HCF000023018.jpg,Cyperaceae/Eleocharis_montana/HCF000023018.jpg,HUEM000003552,./10familias/Cyperaceae/Eleocharis_montana/HUEM000003552.jpg,Cyperaceae/Eleocharis_montana/HUEM000003552.jpg
sem_chave_coleta,2026-09-10,remover,coletor_ou_numero_ausente,Cyperaceae,Eleocharis maculosa,R. Trevisan,ICN00007063,./10familias/Cyperaceae/Eleocharis_maculosa/ICN00007063.jpg,Cyperaceae/Eleocharis_maculosa/ICN00007063.jpg,HCF000013348,./10familias/Cyperaceae/Eleocharis_maculosa/HCF000013348.jpg,Cyperaceae/Eleocharis_maculosa/HCF000013348.jpg
sem_chave_coleta,2026-09-10,adicionar,substituta,Cyperaceae,Eleocharis maculosa,R. Trevisan,HCF000013348,./10familias/Cyperaceae/Eleocharis_maculosa/HCF000013348.jpg,Cyperaceae/Eleocharis_maculosa/HCF000013348.jpg,ICN00007063,./10familias/Cyperaceae/Eleocharis_maculosa/ICN00007063.jpg,Cyperaceae/Eleocharis_maculosa/ICN00007063.jpg
sem_chave_coleta,2026-09-10,remover,coletor_ou_numero_ausente,Cyperaceae,Eleocharis maculosa,R. Trevisan,RSPF00005647,./10familias/Cyperaceae/Eleocharis_maculosa/RSPF00005647.jpg,Cyperaceae/Eleocharis_maculosa/RSPF00005647.jpg,ICN00007018,./10familias/Cyperaceae/Eleocharis_maculosa/ICN00007018.jpg,Cyperaceae/Eleocharis_maculosa/ICN00007018.jpg
sem_chave_coleta,2026-09-10,adicionar,substituta,Cyperaceae,Eleocharis maculosa,R. Trevisan,ICN00007018,./10familias/Cyperaceae/Eleocharis_maculosa/ICN00007018.jpg,Cyperaceae/Eleocharis_maculosa/ICN00007018.jpg,RSPF00005647,./10familias/Cyperaceae/Eleocharis_maculosa/RSPF00005647.jpg,Cyperaceae/Eleocharis_maculosa/RSPF00005647.jpg
sem_chave_coleta,2026-09-10,remover,coletor_ou_numero_ausente,Cyperaceae,Eleocharis maculosa,R. Trevisan,ICN00007076,./10familias/Cyperaceae/Eleocharis_maculosa/ICN00007076.jpg,Cyperaceae/Eleocharis_maculosa/ICN00007076.jpg,FLOR0054506,./10familias/Cyperaceae/Eleocharis_maculosa/FLOR0054506.jpg,Cyperaceae/Eleocharis_maculosa/FLOR0054506.jpg
sem_chave_coleta,2026-09-10,adicionar,substituta,Cyperaceae,Eleocharis maculosa,R. Trevisan,FLOR0054506,./10familias/Cyperaceae/Eleocharis_maculosa/FLOR0054506.jpg,Cyperaceae/Eleocharis_maculosa/FLOR0054506.jpg,ICN00007076,./10familias/Cyperaceae/Eleocharis_maculosa/ICN00007076.jpg,Cyperaceae/Eleocharis_maculosa/ICN00007076.jpg
sem_chave_coleta,2026-09-10,remover,coletor_ou_numero_ausente,Meliaceae,Guarea kunthiana,T.D. Pennington,R000071928_001,./10familias/Meliaceae/Guarea_kunthiana/R000071928_001.jpg,Meliaceae/Guarea_kunthiana/R000071928_001.jpg,NY00865859_01,./10familias/Meliaceae/Guarea_kunthiana/NY00865859_01.jpg,Meliaceae/Guarea_kunthiana/NY00865859_01.jpg
sem_chave_coleta,2026-09-10,adicionar,substituta,Meliaceae,Guarea kunthiana,T.D. Pennington,NY00865859_01,./10familias/Meliaceae/Guarea_kunthiana/NY00865859_01.jpg,Meliaceae/Guarea_kunthiana/NY00865859_01.jpg,R000071928_001,./10familias/Meliaceae/Guarea_kunthiana/R000071928_001.jpg,Meliaceae/Guarea_kunthiana/R000071928_001.jpg
sem_chave_coleta,2026-09-10,remover,coletor_ou_numero_ausente,Meliaceae,Trichilia pallida,T.D. Pennington,NY00837074_01,./10familias/Meliaceae/Trichilia_pallida/NY00837074_01.jpg,Meliaceae/Trichilia_pallida/NY00837074_01.jpg,NY01143032_01,./10familias/Meliaceae/Trichilia_pallida/NY01143032_01.jpg,Meliaceae/Trichilia_pallida/NY01143032_01.jpg
sem_chave_coleta,2026-09-10,adicionar,substituta,Meliaceae,Trichilia pallida,T.D. Pennington,NY01143032_01,./10familias/Meliaceae/Trichilia_pallida/NY01143032_01.jpg,Meliaceae/Trichilia_pallida/NY01143032_01.jpg,NY00837074_01,./10familias/Meliaceae/Trichilia_pallida/NY00837074_01.jpg,Meliaceae/Trichilia_pallida/NY00837074_01.jpg
sem_chave_coleta,2026-09-10,remover,coletor_ou_numero_ausente,Meliaceae,Cedrela fissilis,T.D. Pennington,NY00841423_01,./10familias/Meliaceae/Cedrela_fissilis/NY00841423_01.jpg,Meliaceae/Cedrela_fissilis/NY00841423_01.jpg,MO0100506834,./10familias/Meliaceae/Cedrela_fissilis/MO0100506834.jpg,Meliaceae/Cedrela_fissilis/MO0100506834.jpg
sem_chave_coleta,2026-09-10,adicionar,substituta,Meliaceae,Cedrela fissilis,T.D. Pennington,MO0100506834,./10familias/Meliaceae/Cedrela_fissilis/MO0100506834.jpg,Meliaceae/Cedrela_fissilis/MO0100506834.jpg,NY00841423_01,./10familias/Meliaceae/Cedrela_fissilis/NY00841423_01.jpg,Meliaceae/Cedrela_fissilis/NY00841423_01.jpg
sem_chave_coleta,2026-09-10,remover,coletor_ou_numero_ausente,Meliaceae,Cedrela fissilis,T.D. Pennington,CRI004606,./10familias/Meliaceae/Cedrela_fissilis/CRI004606.jpg,Meliaceae/Cedrela_fissilis/CRI004606.jpg,MO0100506805,./10familias/Meliaceae/Cedrela_fissilis/MO0100506805.jpg,Meliaceae/Cedrela_fissilis/MO0100506805.jpg
sem_chave_coleta,2026-09-10,adicionar,substituta,Meliaceae,Cedrela fissilis,T.D. Pennington,MO0100506805,./10familias/Meliaceae/Cedrela_fissilis/MO0100506805.jpg,Meliaceae/Cedrela_fissilis/MO0100506805.jpg,CRI004606,./10familias/Meliaceae/Cedrela_fissilis/CRI004606.jpg,Meliaceae/Cedrela_fissilis/CRI004606.jpg
sem_chave_coleta,2026-09-10,remover,coletor_ou_numero_ausente,Pteridaceae,Vittaria lineata,F. Gonzatti,HUCS005579,./10familias/Pteridaceae/Vittaria_lineata/HUCS005579.jpg,Pteridaceae/Vittaria_lineata/HUCS005579.jpg,HUCS011156,./10familias/Pteridaceae/Vittaria_lineata/HUCS011156.jpg,Pteridaceae/Vittaria_lineata/HUCS011156.jpg
sem_chave_coleta,2026-09-10,adicionar,substituta,Pteridaceae,Vittaria lineata,F. Gonzatti,HUCS011156,./10familias/Pteridaceae/Vittaria_lineata/HUCS011156.jpg,Pteridaceae/Vittaria_lineata/HUCS011156.jpg,HUCS005579,./10familias/Pteridaceae/Vittaria_lineata/HUCS005579.jpg,Pteridaceae/Vittaria_lineata/HUCS005579.jpg
sem_chave_coleta,2026-09-10,remover,coletor_ou_numero_ausente,Pteridaceae,Pityrogramma calomelanos,J. Prado,UB0035552,./10familias/Pteridaceae/Pityrogramma_calomelanos/UB0035552.jpg,Pteridaceae/Pityrogramma_calomelanos/UB0035552.jpg,CEN00033698,./10familias/Pteridaceae/Pityrogramma_calomelanos/CEN00033698.jpg,Pteridaceae/Pityrogramma_calomelanos/CEN00033698.jpg
sem_chave_coleta,2026-09-10,adicionar,substituta,Pteridaceae,Pityrogramma calomelanos,J. Prado,CEN00033698,./10familias/Pteridaceae/Pityrogramma_calomelanos/CEN00033698.jpg,Pteridaceae/Pityrogramma_calomelanos/CEN00033698.jpg,UB0035552,./10familias/Pteridaceae/Pityrogramma_calomelanos/UB0035552.jpg,Pteridaceae/Pityrogramma_calomelanos/UB0035552.jpg
sem_chave_coleta,2026-09-10,remover,coletor_ou_numero_ausente,Pteridaceae,Pityrogramma calomelanos,J. Prado,NY00807736_01,./10familias/Pteridaceae/Pityrogramma_calomelanos/NY00807736_01.jpg,Pteridaceae/Pityrogramma_calomelanos/NY00807736_01.jpg,HUFU00054253,./10familias/Pteridaceae/Pityrogramma_calomelanos/HUFU00054253.jpg,Pteridaceae/Pityrogramma_calomelanos/HUFU00054253.jpg
sem_chave_coleta,2026-09-10,adicionar,substituta,Pteridaceae,Pityrogramma calomelanos,J. Prado,HUFU00054253,./10familias/Pteridaceae/Pityrogramma_calomelanos/HUFU00054253.jpg,Pteridaceae/Pityrogramma_calomelanos/HUFU00054253.jpg,NY00807736_01,./10familias/Pteridaceae/Pityrogramma_calomelanos/NY00807736_01.jpg,Pteridaceae/Pityrogramma_calomelanos/NY00807736_01.jpg
sem_chave_coleta,2026-09-10,remover,coletor_ou_numero_ausente,Pteridaceae,Adiantum latifolium,J. Prado,ALCB001092,./10familias/Pteridaceae/Adiantum_latifolium/ALCB001092.jpg,Pteridaceae/Adiantum_latifolium/ALCB001092.jpg,HUEFS0002355,./10familias/Pteridaceae/Adiantum_latifolium/HUEFS0002355.jpg,Pteridaceae/Adiantum_latifolium/HUEFS0002355.jpg
sem_chave_coleta,2026-09-10,adicionar,substituta,Pteridaceae,Adiantum latifolium,J. Prado,HUEFS0002355,./10familias/Pteridaceae/Adiantum_latifolium/HUEFS0002355.jpg,Pteridaceae/Adiantum_latifolium/HUEFS0002355.jpg,ALCB001092,./10familias/Pteridaceae/Adiantum_latifolium/ALCB001092.jpg,Pteridaceae/Adiantum_latifolium/ALCB001092.jpg
sem_chave_coleta,2026-09-10,remover,coletor_ou_numero_ausente,Pteridaceae,Doryopteris concolor,J. Prado,SJRP00022189,./10familias/Pteridaceae/Doryopteris_concolor/SJRP00022189.jpg,Pteridaceae/Doryopteris_concolor/SJRP00022189.jpg,UEC076391,./10familias/Pteridaceae/Doryopteris_concolor/UEC076391.jpg,Pteridaceae/Doryopteris_concolor/UEC076391.jpg
sem_chave_coleta,2026-09-10,adicionar,substituta,Pteridaceae,Doryopteris concolor,J. Prado,UEC076391,./10familias/Pteridaceae/Doryopteris_concolor/UEC076391.jpg,Pteridaceae/Doryopteris_concolor/UEC076391.jpg,SJRP00022189,./10familias/Pteridaceae/Doryopteris_concolor/SJRP00022189.jpg,Pteridaceae/Doryopteris_concolor/SJRP00022189.jpg
sem_chave_coleta,2026-09-10,remover,coletor_ou_numero_ausente,Pteridaceae,Doryopteris concolor,J. Prado,ESA006563,./10familias/Pteridaceae/Doryopteris_concolor/ESA006563.jpg,Pteridaceae/Doryopteris_concolor/ESA006563.jpg,SJRP00022152,./10familias/Pteridaceae/Doryopteris_concolor/SJRP00022152.jpg,Pteridaceae/Doryopteris_concolor/SJRP00022152.jpg
sem_chave_coleta,2026-09-10,adicionar,substituta,Pteridaceae,Doryopteris concolor,J. Prado,SJRP00022152,./10familias/Pteridaceae/Doryopteris_concolor/SJRP00022152.jpg,Pteridaceae/Doryopteris_concolor/SJRP00022152.jpg,ESA006563,./10familias/Pteridaceae/Doryopteris_concolor/ESA006563.jpg,Pteridaceae/Doryopteris_concolor/ESA006563.jpg
sem_chave_coleta,2026-09-10,remover,coletor_ou_numero_ausente,Pteridaceae,Adiantum raddianum,J. Prado,ALCB001134,./10familias/Pteridaceae/Adiantum_raddianum/ALCB001134.jpg,Pteridaceae/Adiantum_raddianum/ALCB001134.jpg,HRCB069657,./10familias/Pteridaceae/Adiantum_raddianum/HRCB069657.jpg,Pteridaceae/Adiantum_raddianum/HRCB069657.jpg
sem_chave_coleta,2026-09-10,adicionar,substituta,Pteridaceae,Adiantum raddianum,J. Prado,HRCB069657,./10familias/Pteridaceae/Adiantum_raddianum/HRCB069657.jpg,Pteridaceae/Adiantum_raddianum/HRCB069657.jpg,ALCB001134,./10familias/Pteridaceae/Adiantum_raddianum/ALCB001134.jpg,Pteridaceae/Adiantum_raddianum/ALCB001134.jpg
sem_chave_coleta,2026-09-10,remover,coletor_ou_numero_ausente,Pteridaceae,Adiantum raddianum,J. Prado,NY00891461_01,./10familias/Pteridaceae/Adiantum_raddianum/NY00891461_01.jpg,Pteridaceae/Adiantum_raddianum/NY00891461_01.jpg,UEC052864,./10familias/Pteridaceae/Adiantum_raddianum/UEC052864.jpg,Pteridaceae/Adiantum_raddianum/UEC052864.jpg
sem_chave_coleta,2026-09-10,adicionar,substituta,Pteridaceae,Adiantum raddianum,J. Prado,UEC052864,./10familias/Pteridaceae/Adiantum_raddianum/UEC052864.jpg,Pteridaceae/Adiantum_raddianum/UEC052864.jpg,NY00891461_01,./10familias/Pteridaceae/Adiantum_raddianum/NY00891461_01.jpg,Pteridaceae/Adiantum_raddianum/NY00891461_01.jpg
sem_chave_coleta,2026-09-10,remover,coletor_ou_numero_ausente,Asteraceae,Chromolaena laevigata,J.N. Nakajima,VIC021124,./10familias/Asteraceae/Chromolaena_laevigata/VIC021124.jpg,Asteraceae/Chromolaena_laevigata/VIC021124.jpg,HUFU00081200,./10familias/Asteraceae/Chromolaena_laevigata/HUFU00081200.jpg,Asteraceae/Chromolaena_laevigata/HUFU00081200.jpg
sem_chave_coleta,2026-09-10,adicionar,substituta,Asteraceae,Chromolaena laevigata,J.N. Nakajima,HUFU00081200,./10familias/Asteraceae/Chromolaena_laevigata/HUFU00081200.jpg,Asteraceae/Chromolaena_laevigata/HUFU00081200.jpg,VIC021124,./10familias/Asteraceae/Chromolaena_laevigata/VIC021124.jpg,Asteraceae/Chromolaena_laevigata/VIC021124.jpg
sem_chave_coleta,2026-09-10,remover,coletor_ou_numero_ausente,Asteraceae,Chromolaena laevigata,J.N. Nakajima,K000940143_1,./10familias/Asteraceae/Chromolaena_laevigata/K000940143_1.jpg,Asteraceae/Chromolaena_laevigata/K000940143_1.jpg,HUFU00044364,./10familias/Asteraceae/Chromolaena_laevigata/HUFU00044364.jpg,Asteraceae/Chromolaena_laevigata/HUFU00044364.jpg
sem_chave_coleta,2026-09-10,adicionar,substituta,Asteraceae,Chromolaena laevigata,J.N. Nakajima,HUFU00044364,./10familias/Asteraceae/Chromolaena_laevigata/HUFU00044364.jpg,Asteraceae/Chromolaena_laevigata/HUFU00044364.jpg,K000940143_1,./10familias/Asteraceae/Chromolaena_laevigata/K000940143_1.jpg,Asteraceae/Chromolaena_laevigata/K000940143_1.jpg
sem_chave_coleta,2026-09-10,remover,coletor_ou_numero_ausente,Asteraceae,Chromolaena laevigata,J.N. Nakajima,HUFU00045039,./10familias/Asteraceae/Chromolaena_laevigata/HUFU00045039.jpg,Asteraceae/Chromolaena_laevigata/HUFU00045039.jpg,VIC031342,./10familias/Asteraceae/Chromolaena_laevigata/VIC031342.jpg,Asteraceae/Chromolaena_laevigata/VIC031342.jpg
sem_chave_coleta,2026-09-10,adicionar,substituta,Asteraceae,Chromolaena laevigata,J.N. Nakajima,VIC031342,./10familias/Asteraceae/Chromolaena_laevigata/VIC031342.jpg,Asteraceae/Chromolaena_laevigata/VIC031342.jpg,HUFU00045039,./10familias/Asteraceae/Chromolaena_laevigata/HUFU00045039.jpg,Asteraceae/Chromolaena_laevigata/HUFU00045039.jpg
sem_chave_coleta,2026-09-10,remover,coletor_ou_numero_ausente,Asteraceae,Lepidaploa rufogrisea,J.N. Nakajima,HUFU00046978,./10familias/Asteraceae/Lepidaploa_rufogrisea/HUFU00046978.jpg,Asteraceae/Lepidaploa_rufogrisea/HUFU00046978.jpg,HUFU00046942,./10familias/Asteraceae/Lepidaploa_rufogrisea/HUFU00046942.jpg,Asteraceae/Lepidaploa_rufogrisea/HUFU00046942.jpg
sem_chave_coleta,2026-09-10,adicionar,substituta,Asteraceae,Lepidaploa rufogrisea,J.N. Nakajima,HUFU00046942,./10familias/Asteraceae/Lepidaploa_rufogrisea/HUFU00046942.jpg,Asteraceae/Lepidaploa_rufogrisea/HUFU00046942.jpg,HUFU00046978,./10familias/Asteraceae/Lepidaploa_rufogrisea/HUFU00046978.jpg,Asteraceae/Lepidaploa_rufogrisea/HUFU00046978.jpg
sem_chave_coleta,2026-09-10,remover,coletor_ou_numero_ausente,Asteraceae,Lepidaploa rufogrisea,J.N. Nakajima,HUFU00078274,./10familias/Asteraceae/Lepidaploa_rufogrisea/HUFU00078274.jpg,Asteraceae/Lepidaploa_rufogrisea/HUFU00078274.jpg,HUFU00046955,./10familias/Asteraceae/Lepidaploa_rufogrisea/HUFU00046955.jpg,Asteraceae/Lepidaploa_rufogrisea/HUFU00046955.jpg
sem_chave_coleta,2026-09-10,adicionar,substituta,Asteraceae,Lepidaploa rufogrisea,J.N. Nakajima,HUFU00046955,./10familias/Asteraceae/Lepidaploa_rufogrisea/HUFU00046955.jpg,Asteraceae/Lepidaploa_rufogrisea/HUFU00046955.jpg,HUFU00078274,./10familias/Asteraceae/Lepidaploa_rufogrisea/HUFU00078274.jpg,Asteraceae/Lepidaploa_rufogrisea/HUFU00078274.jpg
sem_chave_coleta,2026-09-10,remover,coletor_ou_numero_ausente,Asteraceae,Lepidaploa rufogrisea,J.N. Nakajima,HUFU00059169,./10familias/Asteraceae/Lepidaploa_rufogrisea/HUFU00059169.jpg,Asteraceae/Lepidaploa_rufogrisea/HUFU00059169.jpg,HUFU00046938,./10familias/Asteraceae/Lepidaploa_rufogrisea/HUFU00046938.jpg,Asteraceae/Lepidaploa_rufogrisea/HUFU00046938.jpg
sem_chave_coleta,2026-09-10,adicionar,substituta,Asteraceae,Lepidaploa rufogrisea,J.N. Nakajima,HUFU00046938,./10familias/Asteraceae/Lepidaploa_rufogrisea/HUFU00046938.jpg,Asteraceae/Lepidaploa_rufogrisea/HUFU00046938.jpg,HUFU00059169,./10familias/Asteraceae/Lepidaploa_rufogrisea/HUFU00059169.jpg,Asteraceae/Lepidaploa_rufogrisea/HUFU00059169.jpg
sem_chave_coleta,2026-09-10,remover,coletor_ou_numero_ausente,Asteraceae,Baccharis linearifolia,G. Heiden,ICN00051424,./10familias/Asteraceae/Baccharis_linearifolia/ICN00051424.jpg,Asteraceae/Baccharis_linearifolia/ICN00051424.jpg,HUFU00042375,./10familias/Asteraceae/Baccharis_linearifolia/HUFU00042375.jpg,Asteraceae/Baccharis_linearifolia/HUFU00042375.jpg
sem_chave_coleta,2026-09-10,adicionar,substituta,Asteraceae,Baccharis linearifolia,G. Heiden,HUFU00042375,./10familias/Asteraceae/Baccharis_linearifolia/HUFU00042375.jpg,Asteraceae/Baccharis_linearifolia/HUFU00042375.jpg,ICN00051424,./10familias/Asteraceae/Baccharis_linearifolia/ICN00051424.jpg,Asteraceae/Baccharis_linearifolia/ICN00051424.jpg
sem_chave_coleta,2026-09-10,remover,coletor_ou_numero_ausente,Asteraceae,Baccharis dracunculifolia,J.N. Nakajima,HUFU00042984,./10familias/Asteraceae/Baccharis_dracunculifolia/HUFU00042984.jpg,Asteraceae/Baccharis_dracunculifolia/HUFU00042984.jpg,CESJ059640,./10familias/Asteraceae/Baccharis_dracunculifolia/CESJ059640.jpg,Asteraceae/Baccharis_dracunculifolia/CESJ059640.jpg
sem_chave_coleta,2026-09-10,adicionar,substituta,Asteraceae,Baccharis dracunculifolia,J.N. Nakajima,CESJ059640,./10familias/Asteraceae/Baccharis_dracunculifolia/CESJ059640.jpg,Asteraceae/Baccharis_dracunculifolia/CESJ059640.jpg,HUFU00042984,./10familias/Asteraceae/Baccharis_dracunculifolia/HUFU00042984.jpg,Asteraceae/Baccharis_dracunculifolia/HUFU00042984.jpg
sem_chave_coleta,2026-09-10,remover,coletor_ou_numero_ausente,Asteraceae,Baccharis dracunculifolia,J.N. Nakajima,VIC008683,./10familias/Asteraceae/Baccharis_dracunculifolia/VIC008683.jpg,Asteraceae/Baccharis_dracunculifolia/VIC008683.jpg,HUFU00042999,./10familias/Asteraceae/Baccharis_dracunculifolia/HUFU00042999.jpg,Asteraceae/Baccharis_dracunculifolia/HUFU00042999.jpg
sem_chave_coleta,2026-09-10,adicionar,substituta,Asteraceae,Baccharis dracunculifolia,J.N. Nakajima,HUFU00042999,./10familias/Asteraceae/Baccharis_dracunculifolia/HUFU00042999.jpg,Asteraceae/Baccharis_dracunculifolia/HUFU00042999.jpg,VIC008683,./10familias/Asteraceae/Baccharis_dracunculifolia/VIC008683.jpg,Asteraceae/Baccharis_dracunculifolia/VIC008683.jpg
sem_chave_coleta,2026-09-10,remover,coletor_ou_numero_ausente,Melastomataceae,Miconia pusilliflora,R. Goldenberg,PEL0015995,./10familias/Melastomataceae/Miconia_pusilliflora/PEL0015995.jpg,Melastomataceae/Miconia_pusilliflora/PEL0015995.jpg,UPCB0020240,./10familias/Melastomataceae/Miconia_pusilliflora/UPCB0020240.jpg,Melastomataceae/Miconia_pusilliflora/UPCB0020240.jpg
sem_chave_coleta,2026-09-10,adicionar,substituta,Melastomataceae,Miconia pusilliflora,R. Goldenberg,UPCB0020240,./10familias/Melastomataceae/Miconia_pusilliflora/UPCB0020240.jpg,Melastomataceae/Miconia_pusilliflora/UPCB0020240.jpg,PEL0015995,./10familias/Melastomataceae/Miconia_pusilliflora/PEL0015995.jpg,Melastomataceae/Miconia_pusilliflora/PEL0015995.jpg
sem_chave_coleta,2026-09-10,remover,coletor_ou_numero_ausente,Melastomataceae,Miconia pusilliflora,R. Goldenberg,UPCB0020497,./10familias/Melastomataceae/Miconia_pusilliflora/UPCB0020497.jpg,Melastomataceae/Miconia_pusilliflora/UPCB0020497.jpg,UPCB0020520,./10familias/Melastomataceae/Miconia_pusilliflora/UPCB0020520.jpg,Melastomataceae/Miconia_pusilliflora/UPCB0020520.jpg
sem_chave_coleta,2026-09-10,adicionar,substituta,Melastomataceae,Miconia pusilliflora,R. Goldenberg,UPCB0020520,./10familias/Melastomataceae/Miconia_pusilliflora/UPCB0020520.jpg,Melastomataceae/Miconia_pusilliflora/UPCB0020520.jpg,UPCB0020497,./10familias/Melastomataceae/Miconia_pusilliflora/UPCB0020497.jpg,Melastomataceae/Miconia_pusilliflora/UPCB0020497.jpg
sem_chave_coleta,2026-09-10,remover,coletor_ou_numero_ausente,Melastomataceae,Miconia albicans,R. Goldenberg,UPCB0016559,./10familias/Melastomataceae/Miconia_albicans/UPCB0016559.jpg,Melastomataceae/Miconia_albicans/UPCB0016559.jpg,HUEFS0090001,./10familias/Melastomataceae/Miconia_albicans/HUEFS0090001.jpg,Melastomataceae/Miconia_albicans/HUEFS0090001.jpg
sem_chave_coleta,2026-09-10,adicionar,substituta,Melastomataceae,Miconia albicans,R. Goldenberg,HUEFS0090001,./10familias/Melastomataceae/Miconia_albicans/HUEFS0090001.jpg,Melastomataceae/Miconia_albicans/HUEFS0090001.jpg,UPCB0016559,./10familias/Melastomataceae/Miconia_albicans/UPCB0016559.jpg,Melastomataceae/Miconia_albicans/UPCB0016559.jpg
sem_chave_coleta,2026-09-10,remover,coletor_ou_numero_ausente,Melastomataceae,Miconia albicans,R. Goldenberg,EAC0018194,./10familias/Melastomataceae/Miconia_albicans/EAC0018194.jpg,Melastomataceae/Miconia_albicans/EAC0018194.jpg,HUEFS0009369,./10familias/Melastomataceae/Miconia_albicans/HUEFS0009369.jpg,Melastomataceae/Miconia_albicans/HUEFS0009369.jpg
sem_chave_coleta,2026-09-10,adicionar,substituta,Melastomataceae,Miconia albicans,R. Goldenberg,HUEFS0009369,./10familias/Melastomataceae/Miconia_albicans/HUEFS0009369.jpg,Melastomataceae/Miconia_albicans/HUEFS0009369.jpg,EAC0018194,./10familias/Melastomataceae/Miconia_albicans/EAC0018194.jpg,Melastomataceae/Miconia_albicans/EAC0018194.jpg
sem_chave_coleta,2026-09-10,remover,coletor_ou_numero_ausente,Melastomataceae,Miconia albicans,R. Goldenberg,EAC0017319,./10familias/Melastomataceae/Miconia_albicans/EAC0017319.jpg,Melastomataceae/Miconia_albicans/EAC0017319.jpg,UEC200039,./10familias/Melastomataceae/Miconia_albicans/UEC200039.jpg,Melastomataceae/Miconia_albicans/UEC200039.jpg
sem_chave_coleta,2026-09-10,adicionar,substituta,Melastomataceae,Miconia albicans,R. Goldenberg,UEC200039,./10familias/Melastomataceae/Miconia_albicans/UEC200039.jpg,Melastomataceae/Miconia_albicans/UEC200039.jpg,EAC0017319,./10familias/Melastomataceae/Miconia_albicans/EAC0017319.jpg,Melastomataceae/Miconia_albicans/EAC0017319.jpg
sem_chave_coleta,2026-09-10,remover,coletor_ou_numero_ausente,Melastomataceae,Miconia albicans,R. Goldenberg,UEC182607,./10familias/Melastomataceae/Miconia_albicans/UEC182607.jpg,Melastomataceae/Miconia_albicans/UEC182607.jpg,UPCB0016921,./10familias/Melastomataceae/Miconia_albicans/UPCB0016921.jpg,Melastomataceae/Miconia_albicans/UPCB0016921.jpg
sem_chave_coleta,2026-09-10,adicionar,substituta,Melastomataceae,Miconia albicans,R. Goldenberg,UPCB0016921,./10familias/Melastomataceae/Miconia_albicans/UPCB0016921.jpg,Melastomataceae/Miconia_albicans/UPCB0016921.jpg,UEC182607,./10familias/Melastomataceae/Miconia_albicans/UEC182607.jpg,Melastomataceae/Miconia_albicans/UEC182607.jpg
sem_chave_coleta,2026-09-10,remover,coletor_ou_numero_ausente,Melastomataceae,Miconia albicans,R. Goldenberg,UEC199988,./10familias/Melastomataceae/Miconia_albicans/UEC199988.jpg,Melastomataceae/Miconia_albicans/UEC199988.jpg,VIES016095,./10familias/Melastomataceae/Miconia_albicans/VIES016095.jpg,Melastomataceae/Miconia_albicans/VIES016095.jpg
sem_chave_coleta,2026-09-10,adicionar,substituta,Melastomataceae,Miconia albicans,R. Goldenberg,VIES016095,./10familias/Melastomataceae/Miconia_albicans/VIES016095.jpg,Melastomataceae/Miconia_albicans/VIES016095.jpg,UEC199988,./10familias/Melastomataceae/Miconia_albicans/UEC199988.jpg,Melastomataceae/Miconia_albicans/UEC199988.jpg
sem_chave_coleta,2026-09-10,remover,coletor_ou_numero_ausente,Melastomataceae,Chaetogastra gracilis,R. Goldenberg,UPCB0017614,./10familias/Melastomataceae/Chaetogastra_gracilis/UPCB0017614.jpg,Melastomataceae/Chaetogastra_gracilis/UPCB0017614.jpg,UPCB0027765,./10familias/Melastomataceae/Chaetogastra_gracilis/UPCB0027765.jpg,Melastomataceae/Chaetogastra_gracilis/UPCB0027765.jpg
sem_chave_coleta,2026-09-10,adicionar,substituta,Melastomataceae,Chaetogastra gracilis,F.S. Meyer,UPCB0027765,./10familias/Melastomataceae/Chaetogastra_gracilis/UPCB0027765.jpg,Melastomataceae/Chaetogastra_gracilis/UPCB0027765.jpg,UPCB0017614,./10familias/Melastomataceae/Chaetogastra_gracilis/UPCB0017614.jpg,Melastomataceae/Chaetogastra_gracilis/UPCB0017614.jpg
sem_chave_coleta,2026-09-10,remover,coletor_ou_numero_ausente,Melastomataceae,Chaetogastra gracilis,R. Goldenberg,HCF000008657,./10familias/Melastomataceae/Chaetogastra_gracilis/HCF000008657.jpg,Melastomataceae/Chaetogastra_gracilis/HCF000008657.jpg,UPCB0017624,./10familias/Melastomataceae/Chaetogastra_gracilis/UPCB0017624.jpg,Melastomataceae/Chaetogastra_gracilis/UPCB0017624.jpg
sem_chave_coleta,2026-09-10,adicionar,substituta,Melastomataceae,Chaetogastra gracilis,F.S. Meyer,UPCB0017624,./10familias/Melastomataceae/Chaetogastra_gracilis/UPCB0017624.jpg,Melastomataceae/Chaetogastra_gracilis/UPCB0017624.jpg,HCF000008657,./10familias/Melastomataceae/Chaetogastra_gracilis/HCF000008657.jpg,Melastomataceae/Chaetogastra_gracilis/HCF000008657.jpg
sem_chave_coleta,2026-09-10,remover,coletor_ou_numero_ausente,Melastomataceae,Chaetogastra gracilis,R. Goldenberg,DVPR002573,./10familias/Melastomataceae/Chaetogastra_gracilis/DVPR002573.jpg,Melastomataceae/Chaetogastra_gracilis/DVPR002573.jpg,UPCB0017980,./10familias/Melastomataceae/Chaetogastra_gracilis/UPCB0017980.jpg,Melastomataceae/Chaetogastra_gracilis/UPCB0017980.jpg
sem_chave_coleta,2026-09-10,adicionar,substituta,Melastomataceae,Chaetogastra gracilis,F.S. Meyer,UPCB0017980,./10familias/Melastomataceae/Chaetogastra_gracilis/UPCB0017980.jpg,Melastomataceae/Chaetogastra_gracilis/UPCB0017980.jpg,DVPR002573,./10familias/Melastomataceae/Chaetogastra_gracilis/DVPR002573.jpg,Melastomataceae/Chaetogastra_gracilis/DVPR002573.jpg
sem_chave_coleta,2026-09-10,remover,coletor_ou_numero_ausente,Melastomataceae,Tococa guianensis,R. Goldenberg,EAC0003818,./10familias/Melastomataceae/Tococa_guianensis/EAC0003818.jpg,Melastomataceae/Tococa_guianensis/EAC0003818.jpg,UFRR00005237,./10familias/Melastomataceae/Tococa_guianensis/UFRR00005237.jpg,Melastomataceae/Tococa_guianensis/UFRR00005237.jpg
sem_chave_coleta,2026-09-10,adicionar,substituta,Melastomataceae,Tococa guianensis,R. Goldenberg,UFRR00005237,./10familias/Melastomataceae/Tococa_guianensis/UFRR00005237.jpg,Melastomataceae/Tococa_guianensis/UFRR00005237.jpg,EAC0003818,./10familias/Melastomataceae/Tococa_guianensis/EAC0003818.jpg,Melastomataceae/Tococa_guianensis/EAC0003818.jpg
sem_chave_coleta,2026-09-10,remover,coletor_ou_numero_ausente,Melastomataceae,Tococa guianensis,R. Goldenberg,EAC0007414,./10familias/Melastomataceae/Tococa_guianensis/EAC0007414.jpg,Melastomataceae/Tococa_guianensis/EAC0007414.jpg,MBM364519,./10familias/Melastomataceae/Tococa_guianensis/MBM364519.jpg,Melastomataceae/Tococa_guianensis/MBM364519.jpg
sem_chave_coleta,2026-09-10,adicionar,substituta,Melastomataceae,Tococa guianensis,F.S. Meyer,MBM364519,./10familias/Melastomataceae/Tococa_guianensis/MBM364519.jpg,Melastomataceae/Tococa_guianensis/MBM364519.jpg,EAC0007414,./10familias/Melastomataceae/Tococa_guianensis/EAC0007414.jpg,Melastomataceae/Tococa_guianensis/EAC0007414.jpg
sem_chave_coleta,2026-09-10,remover,coletor_ou_numero_ausente,Melastomataceae,Tococa guianensis,R. Goldenberg,NY04296962_1,./10familias/Melastomataceae/Tococa_guianensis/NY04296962_1.jpg,Melastomataceae/Tococa_guianensis/NY04296962_1.jpg,MBM260338,./10familias/Melastomataceae/Tococa_guianensis/MBM260338.jpg,Melastomataceae/Tococa_guianensis/MBM260338.jpg
sem_chave_coleta,2026-09-10,adicionar,substituta,Melastomataceae,Tococa guianensis,F.S. Meyer,MBM260338,./10familias/Melastomataceae/Tococa_guianensis/MBM260338.jpg,Melastomataceae/Tococa_guianensis/MBM260338.jpg,NY04296962_1,./10familias/Melastomataceae/Tococa_guianensis/NY04296962_1.jpg,Melastomataceae/Tococa_guianensis/NY04296962_1.jpg
sem_chave_coleta,2026-09-10,remover,coletor_ou_numero_ausente,Sapindaceae,Serjania lethalis,M.S. Ferrucci,EAC0016987,./10familias/Sapindaceae/Serjania_lethalis/EAC0016987.jpg,Sapindaceae/Serjania_lethalis/EAC0016987.jpg,HUEFS0015731,./10familias/Sapindaceae/Serjania_lethalis/HUEFS0015731.jpg,Sapindaceae/Serjania_lethalis/HUEFS0015731.jpg
sem_chave_coleta,2026-09-10,adicionar,substituta,Sapindaceae,Serjania lethalis,M.S. Ferrucci,HUEFS0015731,./10familias/Sapindaceae/Serjania_lethalis/HUEFS0015731.jpg,Sapindaceae/Serjania_lethalis/HUEFS0015731.jpg,EAC0016987,./10familias/Sapindaceae/Serjania_lethalis/EAC0016987.jpg,Sapindaceae/Serjania_lethalis/EAC0016987.jpg
sem_chave_coleta,2026-09-10,remover,coletor_ou_numero_ausente,Sapindaceae,Serjania lethalis,M.S. Ferrucci,HUFU00023125,./10familias/Sapindaceae/Serjania_lethalis/HUFU00023125.jpg,Sapindaceae/Serjania_lethalis/HUFU00023125.jpg,HUEFS0049450,./10familias/Sapindaceae/Serjania_lethalis/HUEFS0049450.jpg,Sapindaceae/Serjania_lethalis/HUEFS0049450.jpg
sem_chave_coleta,2026-09-10,adicionar,substituta,Sapindaceae,Serjania lethalis,M.S. Ferrucci,HUEFS0049450,./10familias/Sapindaceae/Serjania_lethalis/HUEFS0049450.jpg,Sapindaceae/Serjania_lethalis/HUEFS0049450.jpg,HUFU00023125,./10familias/Sapindaceae/Serjania_lethalis/HUFU00023125.jpg,Sapindaceae/Serjania_lethalis/HUFU00023125.jpg
sem_chave_coleta,2026-09-10,remover,coletor_ou_numero_ausente,Sapindaceae,Allophylus edulis,M.S. Ferrucci,RBR00032104,./10familias/Sapindaceae/Allophylus_edulis/RBR00032104.jpg,Sapindaceae/Allophylus_edulis/RBR00032104.jpg,HCF000027570,./10familias/Sapindaceae/Allophylus_edulis/HCF000027570.jpg,Sapindaceae/Allophylus_edulis/HCF000027570.jpg
sem_chave_coleta,2026-09-10,adicionar,substituta,Sapindaceae,Allophylus edulis,M.S. Ferrucci,HCF000027570,./10familias/Sapindaceae/Allophylus_edulis/HCF000027570.jpg,Sapindaceae/Allophylus_edulis/HCF000027570.jpg,RBR00032104,./10familias/Sapindaceae/Allophylus_edulis/RBR00032104.jpg,Sapindaceae/Allophylus_edulis/RBR00032104.jpg
sem_chave_coleta,2026-09-10,remover,coletor_ou_numero_ausente,Solanaceae,Solanum americanum,J.R. Stehmann,DVPR002551,./10familias/Solanaceae/Solanum_americanum/DVPR002551.jpg,Solanaceae/Solanum_americanum/DVPR002551.jpg,FURB43945,./10familias/Solanaceae/Solanum_americanum/FURB43945.jpg,Solanaceae/Solanum_americanum/FURB43945.jpg
sem_chave_coleta,2026-09-10,adicionar,substituta,Solanaceae,Solanum americanum,J.R. Stehmann,FURB43945,./10familias/Solanaceae/Solanum_americanum/FURB43945.jpg,Solanaceae/Solanum_americanum/FURB43945.jpg,DVPR002551,./10familias/Solanaceae/Solanum_americanum/DVPR002551.jpg,Solanaceae/Solanum_americanum/DVPR002551.jpg
sem_chave_coleta,2026-09-10,remover,coletor_ou_numero_ausente,Cyperaceae,Eleocharis sellowiana,R. Trevisan,ICN00007676,./10familias/Cyperaceae/Eleocharis_sellowiana/ICN00007676.jpg,Cyperaceae/Eleocharis_sellowiana/ICN00007676.jpg,FLOR0042921,./10familias/Cyperaceae/Eleocharis_sellowiana/FLOR0042921.jpg,Cyperaceae/Eleocharis_sellowiana/FLOR0042921.jpg
sem_chave_coleta,2026-09-10,adicionar,substituta,Cyperaceae,Eleocharis sellowiana,R. Trevisan,FLOR0042921,./10familias/Cyperaceae/Eleocharis_sellowiana/FLOR0042921.jpg,Cyperaceae/Eleocharis_sellowiana/FLOR0042921.jpg,ICN00007676,./10familias/Cyperaceae/Eleocharis_sellowiana/ICN00007676.jpg,Cyperaceae/Eleocharis_sellowiana/ICN00007676.jpg
sem_chave_coleta,2026-09-10,remover,coletor_ou_numero_ausente,Malpighiaceae,Alicia anisopetala,R.F. Almeida,HUEM000006647,./10familias/Malpighiaceae/Alicia_anisopetala/HUEM000006647.jpg,Malpighiaceae/Alicia_anisopetala/HUEM000006647.jpg,ESA045117,./10familias/Malpighiaceae/Alicia_anisopetala/ESA045117.jpg,Malpighiaceae/Alicia_anisopetala/ESA045117.jpg
sem_chave_coleta,2026-09-10,adicionar,substituta,Malpighiaceae,Alicia anisopetala,R.F. Almeida,ESA045117,./10familias/Malpighiaceae/Alicia_anisopetala/ESA045117.jpg,Malpighiaceae/Alicia_anisopetala/ESA045117.jpg,HUEM000006647,./10familias/Malpighiaceae/Alicia_anisopetala/HUEM000006647.jpg,Malpighiaceae/Alicia_anisopetala/HUEM000006647.jpg
sem_chave_coleta,2026-09-10,remover,coletor_ou_numero_ausente,Sapindaceae,Paullinia elegans,M.S. Ferrucci,ESA051052,./10familias/Sapindaceae/Paullinia_elegans/ESA051052.jpg,Sapindaceae/Paullinia_elegans/ESA051052.jpg,HUEFS0057714,./10familias/Sapindaceae/Paullinia_elegans/HUEFS0057714.jpg,Sapindaceae/Paullinia_elegans/HUEFS0057714.jpg
sem_chave_coleta,2026-09-10,adicionar,substituta,Sapindaceae,Paullinia elegans,M.S. Ferrucci,HUEFS0057714,./10familias/Sapindaceae/Paullinia_elegans/HUEFS0057714.jpg,Sapindaceae/Paullinia_elegans/HUEFS0057714.jpg,ESA051052,./10familias/Sapindaceae/Paullinia_elegans/ESA051052.jpg,Sapindaceae/Paullinia_elegans/ESA051052.jpg
sem_chave_coleta,2026-09-10,remover,coletor_ou_numero_ausente,Sapindaceae,Matayba guianensis,M.S. Ferrucci,EAC0019107,./10familias/Sapindaceae/Matayba_guianensis/EAC0019107.jpg,Sapindaceae/Matayba_guianensis/EAC0019107.jpg,CEN00043477,./10familias/Sapindaceae/Matayba_guianensis/CEN00043477.jpg,Sapindaceae/Matayba_guianensis/CEN00043477.jpg
sem_chave_coleta,2026-09-10,adicionar,substituta,Sapindaceae,Matayba guianensis,M.S. Ferrucci,CEN00043477,./10familias/Sapindaceae/Matayba_guianensis/CEN00043477.jpg,Sapindaceae/Matayba_guianensis/CEN00043477.jpg,EAC0019107,./10familias/Sapindaceae/Matayba_guianensis/EAC0019107.jpg,Sapindaceae/Matayba_guianensis/EAC0019107.jpg
duplicata_coleta,2026-09-10,remover,duplicata_coleta,Myrtaceae,Eugenia florida,M. Sobral,ASU0053016_1,./10familias/Myrtaceae/Eugenia_florida/ASU0053016_1.jpg,Myrtaceae/Eugenia_florida/ASU0053016_1.jpg,SP026965,./10familias/Myrtaceae/Eugenia_florida/SP026965.jpg,Myrtaceae/Eugenia_florida/SP026965.jpg
duplicata_coleta,2026-09-10,adicionar,substituta,Myrtaceae,Eugenia florida,M. Sobral,SP026965,./10familias/Myrtaceae/Eugenia_florida/SP026965.jpg,Myrtaceae/Eugenia_florida/SP026965.jpg,ASU0053016_1,./10familias/Myrtaceae/Eugenia_florida/ASU0053016_1.jpg,Myrtaceae/Eugenia_florida/ASU0053016_1.jpg
duplicata_coleta,2026-09-10,remover,duplicata_coleta,Solanaceae,Solanum americanum,J.R. Stehmann,FLOR0067189,./10familias/Solanaceae/Solanum_americanum/FLOR0067189.jpg,Solanaceae/Solanum_americanum/FLOR0067189.jpg,MBML003468,./10familias/Solanaceae/Solanum_americanum/MBML003468.jpg,Solanaceae/Solanum_americanum/MBML003468.jpg
duplicata_coleta,2026-09-10,adicionar,substituta,Solanaceae,Solanum americanum,J.R. Stehmann,MBML003468,./10familias/Solanaceae/Solanum_americanum/MBML003468.jpg,Solanaceae/Solanum_americanum/MBML003468.jpg,FLOR0067189,./10familias/Solanaceae/Solanum_americanum/FLOR0067189.jpg,Solanaceae/Solanum_americanum/FLOR0067189.jpg
duplicata_coleta,2026-09-10,remover,duplicata_coleta,Malpighiaceae,Alicia anisopetala,R.F. Almeida,HUEM000006650,./10familias/Malpighiaceae/Alicia_anisopetala/HUEM000006650.jpg,Malpighiaceae/Alicia_anisopetala/HUEM000006650.jpg,ESA019765,./10familias/Malpighiaceae/Alicia_anisopetala/ESA019765.jpg,Malpighiaceae/Alicia_anisopetala/ESA019765.jpg
duplicata_coleta,2026-09-10,adicionar,substituta,Malpighiaceae,Alicia anisopetala,R.F. Almeida,ESA019765,./10familias/Malpighiaceae/Alicia_anisopetala/ESA019765.jpg,Malpighiaceae/Alicia_anisopetala/ESA019765.jpg,HUEM000006650,./10familias/Malpighiaceae/Alicia_anisopetala/HUEM000006650.jpg,Malpighiaceae/Alicia_anisopetala/HUEM000006650.jpg
duplicata_coleta,2026-09-10,remover,duplicata_coleta,Malpighiaceae,Alicia anisopetala,W.R. Anderson,NY01181879_01,./10familias/Malpighiaceae/Alicia_anisopetala/NY01181879_01.jpg,Malpighiaceae/Alicia_anisopetala/NY01181879_01.jpg,UFG0003158,./10familias/Malpighiaceae/Alicia_anisopetala/UFG0003158.jpg,Malpighiaceae/Alicia_anisopetala/UFG0003158.jpg
duplicata_coleta,2026-09-10,adicionar,substituta,Malpighiaceae,Alicia anisopetala,R.F. Almeida,UFG0003158,./10familias/Malpighiaceae/Alicia_anisopetala/UFG0003158.jpg,Malpighiaceae/Alicia_anisopetala/UFG0003158.jpg,NY01181879_01,./10familias/Malpighiaceae/Alicia_anisopetala/NY01181879_01.jpg,Malpighiaceae/Alicia_anisopetala/NY01181879_01.jpg
duplicata_coleta,2026-09-10,remover,duplicata_coleta,Malpighiaceae,Alicia anisopetala,W.R. Anderson,NY00998237_01,./10familias/Malpighiaceae/Alicia_anisopetala/NY00998237_01.jpg,Malpighiaceae/Alicia_anisopetala/NY00998237_01.jpg,HUEFS0206272,./10familias/Malpighiaceae/Alicia_anisopetala/HUEFS0206272.jpg,Malpighiaceae/Alicia_anisopetala/HUEFS0206272.jpg
duplicata_coleta,2026-09-10,adicionar,substituta,Malpighiaceae,Alicia anisopetala,R.F. Almeida,HUEFS0206272,./10familias/Malpighiaceae/Alicia_anisopetala/HUEFS0206272.jpg,Malpighiaceae/Alicia_anisopetala/HUEFS0206272.jpg,NY00998237_01,./10familias/Malpighiaceae/Alicia_anisopetala/NY00998237_01.jpg,Malpighiaceae/Alicia_anisopetala/NY00998237_01.jpg
duplicata_coleta,2026-09-10,remover,duplicata_coleta,Meliaceae,Guarea guidonia,T.D. Pennington,MO0101257040,./10familias/Meliaceae/Guarea_guidonia/MO0101257040.jpg,Meliaceae/Guarea_guidonia/MO0101257040.jpg,NY01142367_01,./10familias/Meliaceae/Guarea_guidonia/NY01142367_01.jpg,Meliaceae/Guarea_guidonia/NY01142367_01.jpg
duplicata_coleta,2026-09-10,adicionar,substituta,Meliaceae,Guarea guidonia,T.D. Pennington,NY01142367_01,./10familias/Meliaceae/Guarea_guidonia/NY01142367_01.jpg,Meliaceae/Guarea_guidonia/NY01142367_01.jpg,MO0101257040,./10familias/Meliaceae/Guarea_guidonia/MO0101257040.jpg,Meliaceae/Guarea_guidonia/MO0101257040.jpg
duplicata_coleta,2026-09-10,remover,duplicata_coleta,Asteraceae,Baccharis dracunculifolia,J.N. Nakajima,HUFU00043020,./10familias/Asteraceae/Baccharis_dracunculifolia/HUFU00043020.jpg,Asteraceae/Baccharis_dracunculifolia/HUFU00043020.jpg,HUFU00042998,./10familias/Asteraceae/Baccharis_dracunculifolia/HUFU00042998.jpg,Asteraceae/Baccharis_dracunculifolia/HUFU00042998.jpg
duplicata_coleta,2026-09-10,adicionar,substituta,Asteraceae,Baccharis dracunculifolia,J.N. Nakajima,HUFU00042998,./10familias/Asteraceae/Baccharis_dracunculifolia/HUFU00042998.jpg,Asteraceae/Baccharis_dracunculifolia/HUFU00042998.jpg,HUFU00043020,./10familias/Asteraceae/Baccharis_dracunculifolia/HUFU00043020.jpg,Asteraceae/Baccharis_dracunculifolia/HUFU00043020.jpg
duplicata_coleta,2026-09-10,remover,duplicata_coleta,Melastomataceae,Acisanthera alsinaefolia,R. Goldenberg,UPCB0008809,./10familias/Melastomataceae/Acisanthera_alsinaefolia/UPCB0008809.jpg,Melastomataceae/Acisanthera_alsinaefolia/UPCB0008809.jpg,HUEFS0104572,./10familias/Melastomataceae/Acisanthera_alsinaefolia/HUEFS0104572.jpg,Melastomataceae/Acisanthera_alsinaefolia/HUEFS0104572.jpg
duplicata_coleta,2026-09-10,adicionar,substituta,Melastomataceae,Acisanthera alsinaefolia,R. Goldenberg,HUEFS0104572,./10familias/Melastomataceae/Acisanthera_alsinaefolia/HUEFS0104572.jpg,Melastomataceae/Acisanthera_alsinaefolia/HUEFS0104572.jpg,UPCB0008809,./10familias/Melastomataceae/Acisanthera_alsinaefolia/UPCB0008809.jpg,Melastomataceae/Acisanthera_alsinaefolia/UPCB0008809.jpg
duplicata_coleta,2026-09-10,remover,duplicata_coleta,Melastomataceae,Acisanthera alsinaefolia,R. Goldenberg,UNOP005244,./10familias/Melastomataceae/Acisanthera_alsinaefolia/UNOP005244.jpg,Melastomataceae/Acisanthera_alsinaefolia/UNOP005244.jpg,MBM271029,./10familias/Melastomataceae/Acisanthera_alsinaefolia/MBM271029.jpg,Melastomataceae/Acisanthera_alsinaefolia/MBM271029.jpg
duplicata_coleta,2026-09-10,adicionar,substituta,Melastomataceae,Acisanthera alsinaefolia,R. Goldenberg,MBM271029,./10familias/Melastomataceae/Acisanthera_alsinaefolia/MBM271029.jpg,Melastomataceae/Acisanthera_alsinaefolia/MBM271029.jpg,UNOP005244,./10familias/Melastomataceae/Acisanthera_alsinaefolia/UNOP005244.jpg,Melastomataceae/Acisanthera_alsinaefolia/UNOP005244.jpg
duplicata_coleta,2026-09-10,remover,duplicata_coleta,Melastomataceae,Tococa guianensis,R. Goldenberg,UEC189178,./10familias/Melastomataceae/Tococa_guianensis/UEC189178.jpg,Melastomataceae/Tococa_guianensis/UEC189178.jpg,NY01421264_01,./10familias/Melastomataceae/Tococa_guianensis/NY01421264_01.jpg,Melastomataceae/Tococa_guianensis/NY01421264_01.jpg
duplicata_coleta,2026-09-10,adicionar,substituta,Melastomataceae,Tococa guianensis,F.A. Michelangeli,NY01421264_01,./10familias/Melastomataceae/Tococa_guianensis/NY01421264_01.jpg,Melastomataceae/Tococa_guianensis/NY01421264_01.jpg,UEC189178,./10familias/Melastomataceae/Tococa_guianensis/UEC189178.jpg,Melastomataceae/Tococa_guianensis/UEC189178.jpg
duplicata_coleta,2026-09-10,remover,duplicata_coleta,Sapindaceae,Allophylus edulis,M.S. Ferrucci,HUFU00024699,./10familias/Sapindaceae/Allophylus_edulis/HUFU00024699.jpg,Sapindaceae/Allophylus_edulis/HUFU00024699.jpg,DVPR002644,./10familias/Sapindaceae/Allophylus_edulis/DVPR002644.jpg,Sapindaceae/Allophylus_edulis/DVPR002644.jpg
duplicata_coleta,2026-09-10,adicionar,substituta,Sapindaceae,Allophylus edulis,M.S. Ferrucci,DVPR002644,./10familias/Sapindaceae/Allophylus_edulis/DVPR002644.jpg,Sapindaceae/Allophylus_edulis/DVPR002644.jpg,HUFU00024699,./10familias/Sapindaceae/Allophylus_edulis/HUFU00024699.jpg,Sapindaceae/Allophylus_edulis/HUFU00024699.jpg
duplicata_coleta,2026-09-10,remover,duplicata_coleta,Sapindaceae,Allophylus edulis,M.S. Ferrucci,FURB43008,./10familias/Sapindaceae/Allophylus_edulis/FURB43008.jpg,Sapindaceae/Allophylus_edulis/FURB43008.jpg,HPL007240,./10familias/Sapindaceae/Allophylus_edulis/HPL007240.jpg,Sapindaceae/Allophylus_edulis/HPL007240.jpg
duplicata_coleta,2026-09-10,adicionar,substituta,Sapindaceae,Allophylus edulis,M.S. Ferrucci,HPL007240,./10familias/Sapindaceae/Allophylus_edulis/HPL007240.jpg,Sapindaceae/Allophylus_edulis/HPL007240.jpg,FURB43008,./10familias/Sapindaceae/Allophylus_edulis/FURB43008.jpg,Sapindaceae/Allophylus_edulis/FURB43008.jpg
duplicata_coleta,2026-09-10,remover,duplicata_coleta,Solanaceae,Petunia integrifolia,J.R. Stehmann,ESA085791,./10familias/Solanaceae/Petunia_integrifolia/ESA085791.jpg,Solanaceae/Petunia_integrifolia/ESA085791.jpg,HAS0105641,./10familias/Solanaceae/Petunia_integrifolia/HAS0105641.jpg,Solanaceae/Petunia_integrifolia/HAS0105641.jpg
duplicata_coleta,2026-09-10,adicionar,substituta,Solanaceae,Petunia integrifolia,J.R. Stehmann,HAS0105641,./10familias/Solanaceae/Petunia_integrifolia/HAS0105641.jpg,Solanaceae/Petunia_integrifolia/HAS0105641.jpg,ESA085791,./10familias/Solanaceae/Petunia_integrifolia/ESA085791.jpg,Solanaceae/Petunia_integrifolia/ESA085791.jpg
nao_exsicata,2026-09-11,remover,nao_exsicata,Malpighiaceae,Diplopterys pubipetala,W.R. Anderson,MO0100535621,./10familias/Malpighiaceae/Diplopterys_pubipetala/MO0100535621.jpg,Malpighiaceae/Diplopterys_pubipetala/MO0100535621.jpg,MO0100535622,./10familias/Malpighiaceae/Diplopterys_pubipetala/MO0100535622.jpg,Malpighiaceae/Diplopterys_pubipetala/MO0100535622.jpg
nao_exsicata,2026-09-11,adicionar,substituta,Malpighiaceae,Diplopterys pubipetala,W.R. Anderson,MO0100535622,./10familias/Malpighiaceae/Diplopterys_pubipetala/MO0100535622.jpg,Malpighiaceae/Diplopterys_pubipetala/MO0100535622.jpg,MO0100535621,./10familias/Malpighiaceae/Diplopterys_pubipetala/MO0100535621.jpg,Malpighiaceae/Diplopterys_pubipetala/MO0100535621.jpg
nao_exsicata,2026-09-11,remover,nao_exsicata,Malpighiaceae,Diplopterys pubipetala,W.R. Anderson,MO0100535622,./10familias/Malpighiaceae/Diplopterys_pubipetala/MO0100535622.jpg,Malpighiaceae/Diplopterys_pubipetala/MO0100535622.jpg,NY02099152_01,./10familias/Malpighiaceae/Diplopterys_pubipetala/NY02099152_01.jpg,Malpighiaceae/Diplopterys_pubipetala/NY02099152_01.jpg
nao_exsicata,2026-09-11,adicionar,substituta,Malpighiaceae,Diplopterys pubipetala,W.R. Anderson,NY02099152_01,./10familias/Malpighiaceae/Diplopterys_pubipetala/NY02099152_01.jpg,Malpighiaceae/Diplopterys_pubipetala/NY02099152_01.jpg,MO0100535622,./10familias/Malpighiaceae/Diplopterys_pubipetala/MO0100535622.jpg,Malpighiaceae/Diplopterys_pubipetala/MO0100535622.jpg
